{
  "type": "competitive_benchmark_matrix_stabilized",
  "ts": "2026-03-18T14:33:31.362Z",
  "method": {
    "warmup_runs": 2,
    "measured_runs": 9,
    "aggregation": "median",
    "notes": "Generated via repeated benchmark-matrix runs under low-background load."
  },
  "medians": {
    "rich": {
      "cold_start_ms": 7.247,
      "idle_memory_mb": 10.672,
      "install_size_mb": 14.034,
      "tasks_per_sec": 7703.71
    },
    "pure": {
      "cold_start_ms": 3.008625,
      "idle_memory_mb": 1.34375,
      "install_size_mb": 0.67,
      "tasks_per_sec": 7891.9
    },
    "tiny_max": {
      "cold_start_ms": 2.881208,
      "idle_memory_mb": 1.34375,
      "install_size_mb": 0.483,
      "tasks_per_sec": 7893.53
    }
  },
  "full_summary": {
    "rich": {
      "cold": {
        "min": 6.965,
        "max": 11.357,
        "mean": 7.711444444444445,
        "median": 7.247
      },
      "idle": {
        "min": 10.672,
        "max": 10.672,
        "mean": 10.671999999999999,
        "median": 10.672
      },
      "install": {
        "min": 14.034,
        "max": 14.034,
        "mean": 14.034000000000002,
        "median": 14.034
      },
      "tps": {
        "min": 7311.36,
        "max": 7931.54,
        "mean": 7695.243333333334,
        "median": 7703.71
      }
    },
    "pure": {
      "cold": {
        "min": 2.5673340000000002,
        "max": 4.387459,
        "mean": 3.0182965555555556,
        "median": 3.008625
      },
      "idle": {
        "min": 1.34375,
        "max": 1.34375,
        "mean": 1.34375,
        "median": 1.34375
      },
      "install": {
        "min": 0.67,
        "max": 0.67,
        "mean": 0.67,
        "median": 0.67
      },
      "tps": {
        "min": 6068.07,
        "max": 7928.32,
        "mean": 7499.078888888889,
        "median": 7891.9
      }
    },
    "tiny": {
      "cold": {
        "min": 2.625041,
        "max": 3.604,
        "mean": 2.903537,
        "median": 2.881208
      },
      "idle": {
        "min": 1.34375,
        "max": 1.34375,
        "mean": 1.34375,
        "median": 1.34375
      },
      "install": {
        "min": 0.483,
        "max": 0.483,
        "mean": 0.48300000000000004,
        "median": 0.483
      },
      "tps": {
        "min": 6530.5,
        "max": 7927.11,
        "mean": 7544.268888888889,
        "median": 7893.53
      }
    }
  },
  "source_runs": [
    "run-1.json",
    "run-2.json",
    "run-3.json",
    "run-4.json",
    "run-5.json",
    "run-6.json",
    "run-7.json",
    "run-8.json",
    "run-9.json"
  ],
  "environment": {
    "arch": "aarch64",
    "cpu_parallelism": 8,
    "git_revision": "5a096b2a5f134712cd92d01e2b75d36d454b53d0",
    "os": "macos",
    "rustc_version": "rustc 1.93.1 (01f6ddf75 2026-02-11)",
    "workload_id": "live_hash_workload_v1"
  },
  "latest_live_report": "docs/client/reports/benchmark_matrix_run_2026-03-06.json"
}
